citta,nome,amenity,cuisine,indirizzo,telefono,sito,email_osm,email_sito
firenze,"Circolo ARCI ""Stella Rossa""",bar,,Firenze,,,,
firenze,Circolo La Loggia,bar,,Firenze,,,,
firenze,Bar Dallapé,bar,,Firenze,,,,
firenze,Bareostato,bar,,Firenze,,,,
firenze,Ruby BEA,bar,,Firenze,,,,
firenze,Cantinetta da Verrazzano,bar,,"Via dei Tavolini ,  Firenze",,,,
firenze,Circolo ARCI,bar,,Firenze,,,,
firenze,Circolo ACLI,bar,,Firenze,,,,
firenze,Circolo Montigiano,bar,,Firenze,,,,
firenze,Casa del Popolo,bar,,Firenze,,,,
firenze,Briciolo,bar,,Firenze,,,,
firenze,Circolo Arci Babilonia,bar,,Firenze,,,,
firenze,Bar/ Gelateria Pimpina,bar,,Firenze,,,,
firenze,Casa del Combattente,bar,,Firenze,,,,
firenze,Circolo Ricreativo Culturale,bar,,Firenze,,,,
firenze,Circolo ARCI La Ciurma,bar,,Firenze,,,,
firenze,Moka Efti - Tabaccheria n. 71,bar,coffee_shop,"Via Francesco Puccinotti 28 rosso, 50129 Firenze",+39 055 490338,,,
firenze,Casa del Popolo di Grassina,bar,,Firenze,,,,
firenze,Zoe Bar,bar,,"Via dei Renai 13 R, 50125 Firenze",,https://zoefirenze.com,,
firenze,Bar Alimentari,bar,,Firenze,,,,
firenze,Società filarmonica Giuseppe Verdi,bar,,Firenze,,,,
firenze,One Eyed Jack,bar,,"Piazza Nazario Sauro 2 R, 50124 Firenze",+39 055 0944561,,,
firenze,Brunellesco,bar,,Firenze,,,,
firenze,I visacci,bar,,Firenze,,,,
firenze,Bar 16,bar,,Firenze,,,,
firenze,Cotton bar,bar,,Firenze,,,,
firenze,Bar la Posta,bar,,Firenze,,,,
firenze,Catania,bar,,Firenze,,,,
firenze,Circolo Arci Le due strade,bar,,Firenze,,,,
firenze,Rex,bar,,"Via Fiesolana 25r,  Firenze",,,,
firenze,Casa del Popolo,bar,,"Via di Ugnano ,  Firenze",,,,
firenze,hidron,bar,,Firenze,,,,
firenze,Pasticceria - Caffè - Gelateria SALTINO,bar,,Firenze,,,,
firenze,Circolo SMS Quarate,bar,,"Via di Tizzano 182, 50012 Firenze",,,,
firenze,sexy bar,bar,,Firenze,,,,
firenze,Antica Sosta degli Aldobrandini,bar,,"Piazza Madonna degli Aldobrandini 5, 50123 Firenze",+39 329 226392,,,
firenze,Bar Gelsa,bar,,"Via Valdinievole ,  Firenze",,,,
firenze,Bar Marisa,bar,,Firenze,,,,
firenze,Chalet Raticosa,bar,,Firenze,,,,
firenze,Gustò,bar,,Firenze,,,,
firenze,Bar Sport,bar,,Firenze,,,,
firenze,Tenax,bar,,Firenze,,,,
firenze,Manifattura Bar,bar,,"Piazza San Pancrazio 1 R,  Firenze",,,,
firenze,Oibo,bar,,"Borgo dei Greci 1,  Firenze",,,,
firenze,The Stellar Ristorante e Cocktail Bar,bar,italian,"Piazza di Cestello 10, 50124 Firenze",,,,
firenze,Miro,bar,,"Via dei Benci 14 R,  Firenze",,,,
firenze,Babae,bar,,"Via di Santo Spirito 21R,  Firenze",,,,
firenze,Il Ghiottone,bar,,"Piazza di San Iacopino 25 R,  Firenze",,https://www.facebook.com/barghiottone.sanjacopino.1,,
firenze,Bitter Bar,bar,,"Via di Mezzo 28,  Firenze",,,,
firenze,Bar Lanbertesca,bar,,"Chiasso dei Baroncelli 3 R,  Firenze",,,,
firenze,Kikuya,bar,,"Via dei Benci 43 R,  Firenze",,,,
firenze,Enoteca Bellini,bar,italian,"Via della Spada 52 R,  Firenze",,,,
firenze,Enoteca Bevovino,bar,,"Via di San Niccolò 59 R,  Firenze",,,,
firenze,Sabor Cubano,bar,,"Via Sant'Antonino 64 R,  Firenze",,,,
firenze,Amblé,bar,,"Piazzetta dei Del bene 7a,  Firenze",,,,
firenze,Casa del Popolo,bar,,Firenze,,,,
firenze,Circolo M.C.L.,bar,,Firenze,,,,
firenze,Luci,bar,,Firenze,,,,
firenze,Lido Serena,bar,,Firenze,,,,
firenze,Il Bivio,bar,,Firenze,,,,
firenze,Nonsolobar,bar,,"Via Marsala 17, 50019 Sesto Fiorentino",,,,
firenze,Bar Giacomelli Simone & C.,bar,,Firenze,+39 055 892474,,,
firenze,Bar La Bottega di Giò,bar,,Firenze,+39 055 8960924,,,
firenze,Bar Primavera,bar,,Firenze,+39 055 8951001,,,
firenze,La Dolceria,bar,,Firenze,+39 055 891936,,,
firenze,Liquoreria della Certosa,bar,,"Via della Certosa 1, 50124 Firenze Galluzzo",,,,
firenze,Il nuovo molino,bar,,"Via Pietro Mascagni 51;53, 50041 Calenzano",,,,
firenze,Circolo Arci Il Molino,bar,,"Via delle Scuderie 9, 50041 Calenzano",,,,
firenze,Bar Centrale Lilly,bar,ice_cream,"Via Roma 8,  Firenze",+39 055 804 6002,,,
firenze,Pasticceria Ripa,bar,,Firenze,,,,
firenze,Ciuco Briaho,bar,,"Via dei Cappuccini , 50053 Empoli",,,,
firenze,Bar Ariston,bar,,"Via del Palazzo , 50059 Spicchio",,,,
firenze,Bar,bar,,"Lungarno Aldo Moro ,  Firenze",,,,
firenze,Bar al Teatro,bar,,Firenze,,,,
firenze,Bar Uffizi,bar,,Firenze,,,,
firenze,Il ricettario,bar,,Firenze,,,,
firenze,Quelli del Bar,bar,,Firenze,,,,
firenze,Al Bar,bar,,"Viale dell'Albereta ,  Firenze",,,,
firenze,Bar Azeglio,bar,,Firenze,,,,
firenze,Bar Azzurro,bar,,Firenze,,,,
firenze,Vinegar American Bar,bar,,Firenze,,,,
firenze,Enoteca V'Incanto,bar,,Firenze,,,,
firenze,I'Chicco,bar,,Firenze,,,,
firenze,DLF,bar,,Firenze,,,,
firenze,Gelateria Malotti,bar,,"Piazza Cavour 14, 50018 Scandicci",,,,
firenze,ARCI Casa del Popolo di Settignano,bar,,"Via di San Romano 1, 50135 Firenze",,,,
firenze,Circolo ARCI di Fiesole,bar,,Firenze,,,,
firenze,Procacci,bar,,"Via dei Tornabuoni 64 R, 50123 Firenze",,,,
firenze,Bar Casa Rossa,bar,,Firenze,,,,
firenze,Circolo Arci Il Girone,bar,,Firenze,,,,
firenze,Botteghina della Nonna Nina,bar,,Firenze,,,,
firenze,All'Estremo,bar,,Firenze,,,,
firenze,Black Bar,bar,,Firenze,,,,
firenze,Snack Bar La Badia,bar,,Firenze,,,,
firenze,Bar Centrale,bar,,Firenze,,,,
firenze,Bistrot74,bar,,Firenze,,,,
firenze,Bar Supremo,bar,,"Via Roma ,  Bagno a Ripoli",,,,
firenze,Tabacchi,bar,,Firenze,,,,
firenze,Aurora,bar,,Firenze,,,,
firenze,Volume,bar,,"Piazza di Santo Spirito 5/r, 50125 Firenze",+390552381460,https://www.volume.fi.it,hello@volume.fi.it,
firenze,Bar San Michele,bar,,Firenze,,,,
firenze,Bar21,bar,,Firenze,,,,
firenze,Bar Fibbi,bar,,Firenze,,,,
firenze,Vini e Vecchi Sapori,bar,,"Via dei Magazzini 21b, 50122 Firenze",+39 055 291 304,,,
firenze,Namia,bar,,Firenze,,,,
firenze,Garibaldi 11 Speakeasy,bar,,"Borgo Garibaldi 11, 50052 Firenze",,,,
firenze,College Caffè,bar,,"Via Sandro Pertini 101, 50041 Firenze",,,,
firenze,Lo Sverso,bar,,Firenze,,,,
firenze,SE-STO @ Regis,bar,,"Piazza Ognissanti 3,  Firenze",,,,
firenze,The Box,bar,,Firenze,,,,
firenze,NøF,bar,,Firenze,,,,
firenze,Tasso,bar,,"Via dei Villani 15,  Firenze",,,,
firenze,Bar Maja,bar,,Firenze,,,,
firenze,Wine Bar Nabucco,bar,,"Via Ventisette Aprile 28r, 50129 Firenze",,,,
firenze,Òzio Bistro,bar,,Firenze,,,,
firenze,Vip's Bar,bar,,"Viale Giuseppe Poggi , 50125 Firenze",,,,
firenze,Circolo Arci Montebonello,bar,,"Via Cesare Battisti , 50068 Firenze",,,,
firenze,ArtBar,bar,,Firenze,,,,
firenze,Emozioni Wine-Bar,bar,,Firenze,,,,
firenze,Eby's,bar,,Firenze,,,,
firenze,I' Circolo,bar,,Firenze,,,,
firenze,Bar Leonardo,bar,,Firenze,,,,
firenze,Circolo il Gabbiano,bar,,"Via Ciro Menotti , 50059 Firenze",,,,
firenze,Circolo MCL il Gorinello,bar,,"Via del Santo 3, 50013 Campi Bisenzio",+39 055 8999717,http://mclgorinello.it,,
firenze,Picteau Lounge - Hotel Lungarno,bar,,"Borgo San Iacopo 14, 50125 Firenze",,https://lungarnocollection.com/,,
firenze,Bar La Torre,bar,,"Via Ghiberti 165a, 50065 Pontassieve",,,,
firenze,Lindt,bar,tea;breakfast;ice_cream;coffee_shop,"via Meucci 10, 50131 Firenze",+39 345 3050187,,,
firenze,Lemonbar,bar,,"via Meucci , 50031 Firenze",,http://www.lemonbar.it,,
firenze,Osteriola,bar,,Firenze,,,,
firenze,Tommasina,bar,,Firenze,,,,
firenze,Livio,bar,,Firenze,,,,
firenze,Dome,bar,,Firenze,,,,
firenze,Queer,bar,,"Borgo Allegri 9 R, 50122 Firenze",+39 055 3890524,,,
firenze,Sei Divino Enoteca!,bar,,Firenze,,,,
firenze,I'Cussino,bar,,"Via Mario Lazzerini 217,  Firenze",,,,
firenze,Bar la siesta,bar,donut;burger;hot_dog;italian;coffee_shop;sandwich;sausage,"Via Giuseppe Giusti 235, 50041 Firenze",+39 055 8878069,,,
firenze,Bar Citta’ di Fiesole,bar,italian,"Via Antonio Gramsci 34, 50014 Firenze",+3905559381,,,
firenze,Circolo ARCI Bivigliano,bar,,Firenze,,,,
firenze,Bar Gelateria Le Tavarnuzze,bar,,Firenze,,,,
firenze,Bar Paci,bar,,Firenze,,,,
firenze,Joyce Pub,bar,,Firenze,,,,
firenze,Fuk Cocktail,bar,,"Via Giuseppe Verdi 19 R,  Firenze",,,,
firenze,Moyo,bar,,Firenze,,,,
firenze,Da Florence,bar,,Firenze,,,,
firenze,La Piazzetta,bar,,Firenze,,,,
firenze,Bar Il Ponte,bar,,Firenze,,,,
firenze,Bar carletti,bar,pasta;sandwich;italian;breakfast;italian_pizza,"Via Casentinese 331, 50060 Firenze",+39 346 7916151,http://affitticonsuma.it,irina.consuma@yahoo.it,
firenze,Segafreddo,bar,,Firenze,,,,
firenze,Circolo UISP Rondinella del Torrino,bar,,"Lungarno Soderini 2, 50124 Firenze",+39 055 215921,,,
firenze,I Golosoni,bar,,"Via Giacomo Matteotti 15, 50059 Firenze",,,,
firenze,Fermino,bar,,Firenze,,,,
firenze,Quelo,bar,,Firenze,,,,
firenze,Angela e Marzia,bar,,Firenze,,,,
firenze,Circolo Bianco Rosso,bar,,Firenze,,,,
firenze,Bar Europa,bar,,Firenze,,,,
firenze,Pretty,bar,,"Piazza Marsilio Ficino 11,  Firenze",,,,
firenze,Bar Lucciola,bar,,Firenze,,,,
firenze,Circolo ARCI murri,bar,,Firenze,,,,
firenze,Bar Latteria Ponte A Mensola,bar,,Firenze,,,,
firenze,Circolo ARCI,bar,,Firenze,,,,
firenze,Circolo ARCI Diacceto,bar,,Firenze,,,,
firenze,Bamboo,bar,,Firenze,,,,
firenze,I' Margartiaio,bar,,Firenze,,,,
firenze,Sant'Ambroglo,bar,,"Piazza Sant'Ambrogio 7 R, 50121 Firenze",,,,
firenze,Bar Lanciotto,bar,,"Via del Tabernacolo 1, 50013 Campi Bisenzio",,,,
firenze,Vinile Caffè,bar,,Firenze,,,,
firenze,Bar sei Pucci,bar,italian,"Via dei Pucci 31 R, 50122 Firenze",+39 055 5308949,,caffedeipucci@gmail.com,
firenze,Casa del Popolo di Sant'Andrea,bar,,Firenze,,,,
firenze,Casa del Popolo di Fontanella,bar,,Firenze,,,,
firenze,Bar Sauro,bar,,Firenze,,,,
firenze,Bar Gala,bar,,Firenze,,,,
firenze,L'Atlante,bar,,Firenze,,,,
firenze,Vintage Bar,bar,,Firenze,,,,
firenze,Caffè Michelangelo,bar,,Firenze,,,,
firenze,tabacchi,bar,,Firenze,,,,
firenze,Bar Argentina,bar,,Firenze,,,,
firenze,Bar D'Azeglio,bar,,Firenze,,,,
firenze,Cabaret,bar,,Firenze,,,,
firenze,Chapeau,bar,,Firenze,,,,
firenze,Panico,bar,,Firenze,,,,
firenze,OZ - Colonial Goods,bar,,Firenze,,,,
firenze,Barvino,bar,,Firenze,,,,
firenze,Bobo Check Point,bar,,Firenze,,,,
firenze,Bar Migliorini,bar,,Firenze,,,,
firenze,Bar Bargioni,bar,,Firenze,,,,
firenze,Bar dei Cavalieri,bar,,Firenze,,,,
firenze,Bar Dolce Aroma,bar,,Firenze,,,,
firenze,lo schiaccia vino,bar,,"Via Pisana 9,  Firenze",,,,
firenze,Pasticceria Pegaso,bar,italian,Firenze,+39 055 229089,https://pasticceria-pegaso-firenze.business.site/,,
firenze,Bar Francesconi,bar,,Firenze,,,,
firenze,Bar Alessia,bar,,Firenze,,,,
firenze,Pasticceria Conti e Figlio,bar,,Firenze,,,,
firenze,Teca Bar,bar,,Firenze,,,,
firenze,Chi Pi Bar,bar,,Firenze,,,,
firenze,Cavini,bar,,Firenze,,,,
firenze,Bacci,bar,,Firenze,,,,
firenze,Bar De Amicis,bar,,Firenze,,,,
firenze,Zest Cafè,bar,,"Via Cosimo Ridolfi 14, 50053 Empoli",,,,
firenze,La Via Smarrita,bar,,"Via Cosimo Ridolfi 179, 50053 Empoli",,,,
firenze,Cristal,bar,,Firenze,,,,
firenze,Dini Caffè,bar,,Firenze,,,,
firenze,Bar Atlantic,bar,,Firenze,,,,
firenze,The Arts Inn,bar,,"Via del Porcellana 63,  Firenze",,https://www.theartsinn-florence.com/,,
firenze,I Sici,bar,,Firenze,,,,
firenze,OOO,bar,,Firenze,+39 055 0621855,,,
firenze,Reverse,bar,,Firenze,,,,
firenze,Bonaugo,bar,,Firenze,,,,
firenze,Circolo Arci Marcignana,bar,,"Via Val d'Elsa , 50053 Empoli",,,,
firenze,Bar Alimentari Bonini,bar,,Firenze,,,,
firenze,Circolo Arci LeCaselline,bar,,Firenze,,,,
firenze,Moka flor,bar,,Firenze,,,,
firenze,Divino,bar,,Firenze,,,,
firenze,Easy living kiosko,bar,,Firenze,,,,
firenze,Dolce Cafè,bar,,"Piazza San Pietro 246, 50066 Cascia",,,,
firenze,Parc Bistrò,bar,,Firenze,,,,
firenze,Società Ricreativa Mutuo Soccorso Nave a Rovezzano,bar,,Firenze,,,,
firenze,Circolo Ricreativo Le Tre Pietre,bar,,Firenze,,,,
firenze,Bar Pasticceria Il Pino,bar,,Firenze,,,,
firenze,Bar Franco,bar,,Firenze,,,,
firenze,Bar Donatello,bar,,Firenze,,,,
firenze,Pin Up Cafè,bar,,Firenze,,,,
firenze,Ninfa Bar,bar,,"Viale Fratelli Rosselli 53R, 50144 Firenze",+39 055 321052,,,
firenze,Bar Pasticceria Ippolito,bar,,Firenze,,,,
firenze,Passaguai,bar,diner;italian;cake;coffee_shop,"Piazza Giuseppe Garibaldi ,  Firenze",,,,
firenze,Panineria La Faentina,bar,,Firenze,,,,
firenze,Kitsch,bar,,Firenze,+39 055 4684551,http://www.kitschfirenze.com/kitschfirenze/,,
firenze,Il Poggio,bar,,Firenze,,,,
firenze,La Gora,bar,,Firenze,,,,
firenze,I' Gallo,bar,,Firenze,,,,
firenze,The Bomb,bar,,Firenze,,,,
firenze,Pasticceria Conti,bar,,Firenze,,,,
firenze,Antica Salumeria da Tremoto,bar,,Firenze,,,,
firenze,Circolo Arci Rimaggio,bar,,"Via di Quarto 109, 50012 Bagno a Ripoli",,,,
firenze,Scarlet Cafè,bar,,Firenze,,,,
firenze,Bar Plinio,bar,,"Via Aretina 135, 50065 Pontassieve",,,,
firenze,Caffe' Mediceo,bar,,"Viale della Resistenza 2, 50032 Borgo San Lorenzo",+39 055 8459505,https://www.caffemediceo.it/,,
firenze,Caffè Petrarca,bar,,Firenze,,,,
firenze,Il Giglio,bar,,Firenze,,,,
firenze,Caramello Fondente,bar,,Firenze,,,,
firenze,Ruggini,bar,,Firenze,,,,
firenze,Le Sorelline,bar,,Firenze,,,,
firenze,Il Cerino,bar,,Firenze,,,,
firenze,Pasticceria,bar,,Firenze,,,,
firenze,La Cantinetta,bar,,Firenze,,,,
firenze,Bar L'Etrusco,bar,,Firenze,,,,
firenze,Sisters' Bar,bar,,Firenze,,,,
firenze,Leone,bar,,Firenze,,,,
firenze,Bar Pasticceria Giulia,bar,,Firenze,,,,
firenze,Leopolda,bar,,Firenze,,,,
firenze,Rorobar,bar,,Firenze,,,,
firenze,Dolce Bar,bar,,Firenze,,,,
firenze,Bar Nettuno,bar,,Firenze,,,,
firenze,Bar Giulia,bar,,Firenze,,,,
firenze,Bar Belfiore,bar,,Firenze,,,,
firenze,Fibbi,bar,,Firenze,,,,
firenze,Gloss Café,bar,,Firenze,,,,
firenze,Frullati Bar Caffé,bar,,Firenze,,,,
firenze,Bar Alba,bar,,Firenze,,,,
firenze,Caffeteria Coffee Store,bar,,Firenze,,,,
firenze,Bar Fortuna,bar,,Firenze,,,,
firenze,Olimpia,bar,,Firenze,,,,
firenze,Dazzi,bar,,Firenze,,,,
firenze,Circolo ARCI La Romola,bar,buschenschank;cake;coffee_shop,Firenze,,,,
firenze,Bar Rullo,bar,,"Via Giandomenico Romagnosi 32/r, 50134 Firenze",,,,
firenze,Djaria American Bar,bar,,Firenze,,,,
firenze,Bar Vannino,bar,,Firenze,,,,
firenze,Caffè Ribot,bar,,Firenze,,,,
firenze,Circolo ARCI,bar,,Firenze,,,,
firenze,Bar Penco,bar,,Firenze,,,,
firenze,Vip Lounge,bar,,"Via del Termine , 50127 Firenze",,,,
firenze,BeerCode,bar,,"Via del Termine , 50127 Firenze",,,,
firenze,Vineria Sonora,bar,,"Via degli Alfani 39r,  Firenze",+393913598658,,,
firenze,Bar Gigino,bar,,Firenze,,,,
firenze,Caffè Centrale,bar,,"Via Cosimo Ridolfi 149-151, 50053 Empoli",,,,
firenze,Angolo Divino,bar,,"Via Cosimo Ridolfi 44, 50053 Empoli",,,,
firenze,Bar Vittoria,bar,,"Piazza della Vittoria 9, 50053 Empoli",,,,
firenze,Butterfly,bar,,"Via Giuseppe del Papa 68, 50053 Empoli",,,,
firenze,Bar Leontina,bar,,"Via Leonardo da Vinci 2, 50053 Empoli",,,,
firenze,Bulli & Balene,bar,,"Via Toscanella 13 R,  Firenze",,,,
firenze,Light,bar,,Firenze,,,,
firenze,Circolo ARCI San Clemente,bar,,Firenze,,,,
firenze,Bar Jimmy,bar,,"Via R. Farnocchia 12/14, 50032 Luco Mugello",,,,
firenze,Circolo arci Montefioralle,bar,,Firenze,,,,
firenze,Bottega artigiana del gusto,bar,,"Via Erbosa 12r, 50126 Firenze",,https://www.bottegaartigianadelgusto.it/,,
firenze,Bar Biforco,bar,,Firenze,,,,
firenze,Bar 8 Marzo,bar,,"Viale Baccarini ,  Firenze",,,,
firenze,CHIANTI MIXOLOGY,bar,,"Via Montagliari 33, 50022 Firenze",,,,
firenze,Manzoni,bar,,"Via Giovan Filippo Mariti 100,  Firenze",,,,
firenze,Rooftop bar,bar,,Firenze,,,,
firenze,Ostello Bello,bar,,"Via Faenza 88,  Firenze",,,,
firenze,Boulangerie,bar,,"Via Quintino Sella 36a, 36b, 36c,  Firenze",+39 055 667453,https://www.boulangeriefirenze.it,,
firenze,Fico,bar,,Firenze,+39 334 714 6652,https://ficobistrofirenze.eatbu.com,,
firenze,Ditta Artigianale,bar,,"Via Giosuè Carducci 2r, 50122 Firenze",,https://www.menudittaartigianale.com,,
firenze,Mad,bar,,Firenze,,,,
firenze,Le Nuvole,bar,,Firenze,,,,
firenze,Langolino,bar,,"Via delle Caldaie 8r,  Firenze",,,,
firenze,Casa del Popolo,bar,,Firenze,,,,
firenze,Menchetti,bar,,Firenze,,,,
firenze,Bar Sport,bar,,"Via Talenti 12,  Firenze",,,,
firenze,Vini e Delizie,bar,,"Via dei Banchi 45 R,  Firenze",,,,
firenze,Bar Gelateria Gentilini,bar,ice_cream,"Via Roma 11,  Firenze",,,,
firenze,Snack Bar Anna,bar,,"Via dei Ginori 26r, 50123 Firenze",,,,
firenze,Il Giglio Rosso,bar,,"Viale Donato Giannotti 52r, 50126 Firenze",,,,
firenze,Bar Piscina,bar,,Firenze,,,,
firenze,Caffè Centofiori,bar,breakfast;cake;coffee_shop,"Viale Cento Fiori 39, 50056 Montelupo Fiorentino",+39 055 1170 0485; +39 347 951 8483,https://www.pasticceriacentofiori.it/,caffe100fiori@gmail.com,
firenze,Bar Gelateria La Curva,bar,,"Piazza Bucciarelli 10, 50022 Panzano in Chianti",+39055290761,,cappuccinogl55@yahoo.it,
firenze,Gi.Ro. San Frediano,bar,,Firenze,,,,
firenze,Nosh,bar,,"Pellicceria 8 R,  Firenze",,,,
firenze,Catania,bar,,"Via Mazzini , 50058 Signa",,,,
firenze,Rimani,bar,,Firenze,,,,
firenze,Badalà,bar,,"Via Domenico Maria Manni ,  Firenze",,,,
firenze,VIAVAI,bar,,"Via Galileo Galilei 2, 50028 Barberino Tavarnelle",+39 0558 078231,viavailunch.it,,
firenze,Vigna Nuova,bar,italian,Firenze,,,,
firenze,"Bar ""Il giglio""",bar,,Firenze,,,,
firenze,"Bar ""Maglia viola""",bar,,Firenze,,,,
firenze,Bar Poggetto,bar,,Firenze,,,,
firenze,Bar dei fiori,bar,,Firenze,,,,
firenze,La Birr’aia di Marignolle,bar,,"Via di Santa Maria a Marignolle 29/C,  Firenze",,,,
firenze,Circolo Ricreativo Culturale ARCI Il Progresso APS,bar,,Firenze,+39 0571 913019,,,
firenze,Bar Tavola Fredda,bar,,Firenze,,,,
firenze,Mysterium cocktail bar,bar,,Firenze,,,,
firenze,Circolo ARCI Monterappoli,bar,,"Via Salaiola 303, 50053 Empoli",+393466237294,,,
firenze,Osvaldo e Manuela,bar,,Firenze,,,,
firenze,La Birr'aia di Marignolle,bar,,Firenze,,,,
firenze,Libreria Bookstage,bar,,Firenze,,,,
firenze,Raaro,bar,,"Piazza Leopoldo Nobili 15, 50134 Firenze",,https://www.raaro.it/,,
firenze,PanicAle,bar,,Firenze,,,,
firenze,Bar Oltrarno,bar,,"Piazza Nazario Sauro 9R & 10R,  Firenze",,,,
firenze,Lounge bar,bar,,Firenze,,,,
firenze,Mama Bar,bar,,Firenze,,,,
firenze,Chiodo Fisso Guitar Club,bar,,"Via Guelfa 116, 50123 Firenze",+393319591204,,,
firenze,i'Birba,bar,,Firenze,,,,
firenze,Bar Bagianni,bar,,Firenze,,,,
firenze,Bar I'Moro,bar,,Firenze,,,,
firenze,Cantina de’ Pucci,bar,,Firenze,,,,
firenze,Atrium Bar,bar,,Firenze,,,,
firenze,Circolo Arci 8 Dicembre Arnaldo Amadei,bar,,"Via del Borgo 36, 50060 San Godenzo",,,,
firenze,Bar Sole,bar,,Firenze,,,,
firenze,Jack's Bar,bar,,"Piazza del Popolo 44,  Firenze",,,,
firenze,Bar Pasticceria Fiorentina,bar,,Firenze,,,,
firenze,Bar Leonardo,bar,italian,"Piazza Leonardo Da Vinci 11, 50059 Firenze",,,,
firenze,Ferone,bar,,"Via Lippi e Macia 32,  Firenze",,,,
firenze,Naty e Vale,bar,,"Via di Brozzi 507 A/B, 50145 Firenze",,,,
firenze,Bistro' Conad,bar,breakfast;coffee_shop;italian,"Via Pistoiese 231, 50145 Firenze",+39 055 342 7386,,,
firenze,Ondadolce terrazza 161,bar,breakfast;coffee_shop,"Via Pistoiese 161, 50145 Firenze",,,,
firenze,Bar la Rotonda,bar,,Firenze,,,,
firenze,Bar Bellagio,bar,,Firenze,,,,
firenze,Caffè Zaffiro,bar,,Firenze,,,,
firenze,Zigo Zago,bar,,Firenze,,,,
firenze,Mini bar,bar,,Firenze,,,,
firenze,Bar Caracciolo,bar,,Firenze,,,,
firenze,Bar Leone,bar,,Firenze,,,,
firenze,Bar Sorgane,bar,breakfast;coffee_shop;sandwich,"Viale Benedetto Croce 5, 50126 Firenze",+39 055 682 0444,,bar.sorgane@gmail.com,
firenze,Angie's Pub,bar,,"Via dei Neri 35 R, 50122 Firenze",+39 055 003 0143,,,
firenze,Bar Cancellieri,bar,,Firenze,,,,
firenze,Rusticheria,bar,sandwich,"Via Michele Mercati 10R, 50139 Firenze",+39 349 353 6690,https://rusticheriafirenze.it,,
firenze,Bar Varlungo,bar,,Firenze,,,,
firenze,Entoni's Bar Bistrot,bar,,Firenze,,,,
firenze,Jolly Caffé,bar,,Firenze,,,,
firenze,Bar Arcobaleno,bar,,"Via Luigi Alamanni 21a,  Firenze",,,,
firenze,La Dolce Vita Music & Garden,bar,italian,Firenze,,,,
firenze,Co.d.a.s.,bar,,Firenze,,,,
firenze,Circolo Arci Brusciana,bar,,Firenze,,,,
firenze,Circolo ACLI,bar,,Firenze,,,,
firenze,Bar Italia,bar,,Firenze,,,,
firenze,Beyfin Bar,bar,,Firenze,,,,
firenze,Bar Cavallino,bar,,"Località Cavallino 101, 50060 San Godenzo",,,,
firenze,Il Circolo,bar,,Firenze,,,,
firenze,Sigliola's Bar,bar,,Firenze,,,,
firenze,Gelateria Serravalle,bar,,Firenze,,,,
firenze,Cristallo,bar,,Firenze,,,,
firenze,Circolo di Monteloro,bar,,Firenze,,,,
firenze,Bar Mughini,bar,,Firenze,,,,
firenze,Gianno I due ponti,bar,,Firenze,,,,
firenze,Circolo M.C.L.,bar,,Firenze,,,,
firenze,ASD Atletica Castello,bar,,Firenze,,,,
firenze,Punto ristoro Beyfin,bar,,"Via di Rona 85, 50066 Reggello",,,,
firenze,Overfit,bar,,Firenze,,,,
firenze,La Habana,bar,,Firenze,,,,
firenze,Circolo ARCI Acone,bar,,Firenze,,,,
firenze,Don Nino,bar,,Firenze,,,,
firenze,La Chiusa,cafe,,Firenze,,,,
firenze,I Dolci di Patrizio Cosi,cafe,,Firenze,,,,
firenze,Bar Il Ponte,cafe,,Firenze,,,,
firenze,Circolo arci avane,cafe,,"Via di Magolo 31, 50053 Empoli",,,,
firenze,A.R.C.I. Santa Maria,cafe,,Firenze,,,,
firenze,New Bar,cafe,,Firenze,,,,
firenze,Baraione,cafe,,Firenze,,,,
firenze,Pasticceria Ballerini,cafe,,Firenze,,,,
firenze,Caffé Dante,cafe,,Firenze,,,,
firenze,Pasticceria il Biondino,cafe,,Firenze,,,,
firenze,Snack bar l'arcobaleno,cafe,,Firenze,,,,
firenze,Aurora,cafe,,Firenze,,,,
firenze,Marisa,cafe,,Firenze,,,,
firenze,Dot.Com,cafe,,Firenze,,,,
firenze,L'Aquila,cafe,,Firenze,,,,
firenze,Monatti,cafe,,Firenze,,,,
firenze,tabacchi,cafe,,Firenze,,,,
firenze,Laquale,cafe,,Firenze,,,,
firenze,Bar Nuovo,cafe,,Firenze,,,,
firenze,L'Aquila,cafe,,Firenze,,,,
firenze,Humanitas,cafe,,Firenze,,,,
firenze,i fiorentini,cafe,,Firenze,,,,
firenze,Le Gore,cafe,,Firenze,,,,
firenze,Circolo Il campino,cafe,,Firenze,,,,
firenze,Scaccomatto,cafe,,Firenze,,,,
firenze,Co.d.a.s.,cafe,,Firenze,,,,
firenze,Caffe' 900,cafe,,Firenze,,,,
firenze,Nike,cafe,,Firenze,,,,
firenze,Bar Consigli,cafe,,Firenze,,,,
firenze,Caffe Le Riffe,cafe,,Firenze,,,,
firenze,Bar Giardino,cafe,,Firenze,,,,
firenze,Bar Massi,cafe,,Firenze,,,,
firenze,Caffetteria Passavanti,cafe,italian,50133 Firenze,,,,
firenze,Caffè Le Cure,cafe,,Firenze,,,,
firenze,Baraonda,cafe,,"Viale Ludovico Ariosto 44, 50019 Sesto Fiorentino",,,,
firenze,Mario,cafe,italian;pizza,Firenze,,,,
firenze,Caffè Pasticceria Caldana,cafe,,Firenze,,,,
firenze,Il gioiello,cafe,,Firenze,,,,
firenze,Giusti,cafe,,Firenze,,,,
firenze,Da Riki,cafe,,Firenze,,,,
firenze,Baratta,cafe,,Firenze,,,,
firenze,Pasticceria Crociani,cafe,cafe;italian,"Piazza Dalmazia 37 R, 50141 Firenze",005 431572,,crocianisrl@gmail.com,
firenze,Ige bar,cafe,,Firenze,,,,
firenze,Nero65,cafe,,Firenze,,,,
firenze,Gelateria Cavini Di Fedi,cafe,ice_cream,"Piazza delle Cure 19,  Firenze",,,,
firenze,Mundi Caffé,cafe,,"Piazza della Liberta 23, 50059 Vinci",,,,
firenze,Caffè l'incontro,cafe,,Firenze,,http://www.caffelincontro.it/,,
firenze,Caffè Centrale,cafe,,"Piazza Orazio Pierozzi 20,  Firenze",,,,
firenze,Circolo il Versò,cafe,,Firenze,,,,
firenze,al capolinea,cafe,,Firenze,,,,
firenze,Anry,cafe,,Firenze,,,,
firenze,Pasticceria Querci,cafe,,"Piazza Giampietro Vieusseux 2 R,  Firenze",,,,
firenze,Alfio,cafe,,Firenze,,,,
firenze,Bar Marisa,cafe,,"Via Circondaria 30 R,  Firenze",,,,
firenze,Uffa bar,cafe,,Firenze,,,,
firenze,Beerstro7,cafe,,Firenze,,,,
firenze,La Boutique,cafe,,Firenze,,,,
firenze,Bellucci,cafe,,Firenze,,,,
firenze,Luana,cafe,,Firenze,,,,
firenze,i' Bige,cafe,,Firenze,,,,
firenze,45 giri,cafe,,Firenze,,,,
firenze,Bar Marè,cafe,,"Via Gianfrancesco Pagnini 32 R,  Firenze",,,,
firenze,Strizzi Bar,cafe,,Firenze,,,,
firenze,Cabrio,cafe,,Firenze,,,,
firenze,Pasticceria Statuto,cafe,,Firenze,,,,
firenze,Fabbri,cafe,,Firenze,,,,
firenze,Gran Caffè University,cafe,,Firenze,,,,
firenze,Caffè Libertà,cafe,,"Piazza della Libertà 27 R,  Firenze",+39 055 474978,,,
firenze,Cafe Batik,cafe,,Firenze,,,,
firenze,Bar pasticceria Silvano e Valentino,cafe,,Firenze,,,,
firenze,Pasticceria Gaetano,cafe,italian,"Via Torre Degli Agli , 50127 Firenze",+39 055 411841,www.pasticceriagaetano.it,,
firenze,Caffè Sofia,cafe,,"Via Filippo Corridoni 1, 50134 Firenze",,,,
firenze,Caffè 5,cafe,,Firenze,,,,
firenze,Caffè Concerto Paszkowski,cafe,pastry;coffee;sandwich,"Piazza della Repubblica 35 R,  Firenze",+39 055 210236,,,
firenze,Caffè Gilli,cafe,coffee_shop;dessert,"Via Roma 1r, 50123 Firenze",+39 055 213896,https://www.caffegilli.com/,welcome@caffegilli.com,
firenze,Caffè della Federiga,cafe,,Firenze,,,,
firenze,BoomBar,cafe,,Firenze,,,,
firenze,Gran Bar,cafe,,Firenze,,,,
firenze,Alive,cafe,,Firenze,,,,
firenze,Il Barco,cafe,,Firenze,,,,
firenze,Brandi,cafe,,Firenze,,,,
firenze,Uva bar,cafe,,Firenze,,,,
firenze,Ramerino,cafe,,Firenze,,,,
firenze,Molimoli,cafe,bubble_tea,Firenze,,,,
firenze,Caffè Caravaggio,cafe,,Firenze,,,,
firenze,Gran Caffè della Stazione,cafe,,"6,  Firenze",,,,
firenze,Circolo La Rampa,cafe,,Firenze,,,,
firenze,Casa del Popolo,cafe,,Firenze,,,,
firenze,Teatro Caffè,cafe,,"Via Castelnaudary 12, 50034 Marradi",,,,
firenze,Caffè Cibreo,cafe,,"Via Andrea del Verrocchio 5 R,  Firenze",,https://www.cibreo.com,,
firenze,Circolo Ricreativo Rinascita,cafe,,Firenze,,,,
firenze,Caffé Cantini,cafe,,"Via Santo Stefano 40, 50013 Campi Bisenzio",,,,
firenze,Bar 206,cafe,,Firenze,,,,
firenze,Caffè Giulia,cafe,,Firenze,,,,
firenze,Firenze,cafe,,Firenze,,,,
firenze,Massimo,cafe,,Firenze,,,,
firenze,caffe Robiglio,cafe,,Firenze,,,,
firenze,Gran Caffè San Marco,cafe,,Firenze,+39 055 215833,http://www.grancaffesanmarco.it/,,
firenze,Bar Tonarelli,cafe,,"Piazza della Stazione 19-21/R, 50123 Firenze",,,,
firenze,Antico Caffè Torino,cafe,,Firenze,,,,
firenze,Caffeteria delle Oblate,cafe,,"Via dell'Oriuolo 26, 50122 Firenze",+39 035 4284175,,,
firenze,Caffè San Pancrazio,cafe,,"Via della Spada 37r, 50123 Firenze",,,,
firenze,Bar Donnini,cafe,,Firenze,,,,
firenze,Caffè Centrale,cafe,,"Via Talenti 42,  Firenze",+39 055 8045453,,,
firenze,Polisportiva S.O.R.M.S.,cafe,,Firenze,,,,
firenze,Caffé Ricasoli,cafe,,Firenze,,,,
firenze,Shot Cafe,cafe,,Firenze,,,,
firenze,Caffetteria Sara,cafe,,Firenze,,,,
firenze,Latteria Caffelatte,cafe,,Firenze,,,,
firenze,John Borno,cafe,,Firenze,,,,
firenze,La Loggia degli Albizi,cafe,,Firenze,,,,
firenze,Caffé Astra,cafe,,Firenze,,,,
firenze,Circolo ARCI,cafe,,Firenze,,,,
firenze,Rivoire,cafe,,"Piazza della Signoria 5r,  Firenze",+39 055 214412,https://www.rivoire.it/,rivoire.firenze@rivoire.it,
firenze,Circolo le Cascine,cafe,,Firenze,,,,
firenze,Urban spirit,cafe,,Firenze,,,,
firenze,Olive Caffè,cafe,,"Via Gaetano Milanesi 19/F R,  Firenze",+39 333 561 5504,,,
firenze,Circolo MCL Faro,cafe,,Firenze,,,,
firenze,Trend Caffè American bar,cafe,,"Via Centostelle 24 R,  Firenze",,,,
firenze,Il Caffe in Piazza,cafe,,Firenze,,,,
firenze,Casa del Popolo,cafe,,Firenze,,,,
firenze,Cafè al Comunale,cafe,,Firenze,,,,
firenze,Cavalieri,cafe,,Firenze,,,,
firenze,Tre Ponti,cafe,,Firenze,,,,
firenze,La perla,cafe,,Firenze,,,,
firenze,Ballerini Teatro,cafe,,Firenze,,,,
firenze,Gilda,cafe,,Firenze,,,,
firenze,Bar Centrale,cafe,,"Largo Fratelli Alinari 8, 50129 Firenze",,,,
firenze,Caffè Mirò,cafe,sandwich,Firenze,,,,
firenze,Sophia,cafe,pizza,Firenze,,,,
firenze,Bahia Cafè,cafe,,Firenze,,,,
firenze,Ladys Bar,cafe,,Firenze,,,,
firenze,La vela,cafe,,Firenze,,,,
firenze,Fiorentini Caffè,cafe,,Firenze,,,,
firenze,Hamericas,cafe,,"via Meucci , 50031 Firenze",,,,
firenze,Mediceo,cafe,,"via Meucci , 50031 Firenze",,,,
firenze,Farinella,cafe,,"via Meucci , 50031 Firenze",,,,
firenze,Fashion Groove Cafe ',cafe,,Firenze,+39 055 8330800,,,
firenze,Caffé le Logge,cafe,,"Piazza Matteotti , 50022 Firenze",,www.caffelelogge.com,,
firenze,Laquale,cafe,,Firenze,,,,
firenze,Caffé d'angolo,cafe,,Firenze,,,,
firenze,The family,cafe,,Firenze,,,,
firenze,Caffè il borgo,cafe,,"Corso Vittorio Veneto 79, 50063 Figline e Incisa Valdarno",,,,
firenze,Gelateria Badiani,cafe,ice_cream,"Viale dei Mille 20r,  Firenze",,http://www.buontalenti.it/,,
firenze,Caffè Perseo,cafe,ice_cream,"Piazza della Signoria 16r, 50123 Firenze",+39 055 2398316,,,
firenze,Bar Pitti,cafe,sandwich,"Piazza di Pitti 1, 50125 Firenze",,,,
firenze,Dalle Zie,cafe,,Firenze,,,,
firenze,Pappagallo,cafe,,"Via Fra' Giovanni Angelico 1 R,  Firenze",,,,
firenze,Tre Merli,cafe,,"Piazza Gaetano Salvemini 1,  Firenze",,,,
firenze,Alimentari Uffizi,cafe,italian;mediterranean,"Via Lambertesca 10r, 50100 Firenze",+39055281089,http://facebook.com/alimentari.uffizi,alimentariuffizi@gmail.com,
firenze,Gelateria de Servi,cafe,,"Via dei Servi 10 R,  Firenze",,,,
firenze,Suncafe,cafe,,"Piazza del Grano 10,  Firenze",,,,
firenze,Popcafé,cafe,,"Piazza Santo Spirito 18,  Firenze",,,,
firenze,Ben Caffè,cafe,coffee_shop,"Via Santa Margherita 2,  Firenze",,,,
firenze,Gelateria La Carraia in Santa Croce,cafe,ice_cream,"Via dei Benci 24 R, 50122 Firenze",+39 329 363 0069,http://www.lacarraiagroup.eu/,,
firenze,Coffee Mantra,cafe,,"Via della Mattonaia 24 R,  Firenze",,,,
firenze,Caffè Firenze,cafe,breakfast;coffee_shop;donut;local,"Viale dei Mille 25 rosso, 50131 Firenze",+39 055 579526,,,
firenze,Nee Bahia Cafè,cafe,,"Via Claudio Monteverdi 29,  Firenze",,,,
firenze,Amal,cafe,,"Piazza Gaetano Salvemini 3,  Firenze",,,,
firenze,Art Caffe,cafe,,"Via Cesare Lombroso 3,  Firenze",,,,
firenze,Bar Universitario Novoli,cafe,,"Via delle Pandette 3,  Firenze",,,,
firenze,Caffé Scialoia,cafe,,"Via Antonio Scialoja 30 R,  Firenze",,,,
firenze,Caffedolce,cafe,,"Via dello Steccuto 31b,  Firenze",,,,
firenze,Bar caffè Gocce's Florence,cafe,coffee_shop,"Via Panzani 32,  Firenze",,,,
firenze,Ditta Artigianale,cafe,breakfast;coffee_shop,"Via dei Neri 30/32 R, 50122 Firenze",+39 055 2741541,https://www.dittaartigianale.it/,,
firenze,Oliandolo,cafe,,"Via Ricasoli 36 R,  Firenze",,,,
firenze,Fuori Orario,cafe,,"Via della Madonna della Tosse 4 R,  Firenze",,,,
firenze,Rivareno Gelato,cafe,,"Borgo degli Albizi 46 R,  Firenze",,,,
firenze,Bistrot Caffè Arco de Ciompi,cafe,,"Via Pietrapiana 47r, 50122 Firenze",,,,
firenze,SottArno,cafe,,"Via Maggio 53 R,  Firenze",,https://www.facebook.com/events/265939317167900/,,
firenze,Caffè Pontevecchio,cafe,,"Ponte Vecchio 57 R,  Firenze",,,,
firenze,Bar Ponterosso,cafe,,"Via del Ponte Rosso 65 R,  Firenze",,,,
firenze,Pappagallo,cafe,,"Via Fra' Giovanni Angelico 7 R,  Firenze",,,,
firenze,Coffee Mantra,cafe,,"Borgo la Croce 71 R,  Firenze",,,,
firenze,Baraka Cafè,cafe,coffee_shop,"Via di Novoli 75, 50127 Firenze",+39 055 431495,,,
firenze,Pasticceria L'Incontro,cafe,,"Via Domenico Maria Manni 100r,  Firenze",+39055608860,,pasticcerialincontrofirenze@gmail.com,
firenze,Cartabianca Cafè,cafe,,"Viale Alessandro Guidoni 75b,  Firenze",+39 055 419 739,,,
firenze,Barbano,cafe,,"Piazza dell'Indipendenza 8 R,  Firenze",,,,
firenze,Caffè Lietta,cafe,,"Piazza della Libertà 8 R,  Firenze",,https://www.caffelietta.it/,,
firenze,Pere & Cioccolato,cafe,,"Via di Novoli 81c, 50127 Firenze",,,,
firenze,Caffè Ricchi,cafe,,"Piazza Santo Spirito 9, 50125 Firenze",+39 055 280830,,,
firenze,Caffe Rainer,cafe,,"Via San Zanobi 97r,  Firenze",,,,
firenze,Bar Sport Assolo,cafe,,"Via Giuseppe Garibaldi 14, 50050 Gambassi Terme",,,,
firenze,Bar mensa dei servi di Maria,cafe,,Firenze,+39 055 406441,,,
firenze,Pasticceria Giorgio,cafe,cake;savory_pancakes;breakfast,Firenze,,https://www.pasticceriagiorgio.it/it/,,
firenze,Arnold Coffee,cafe,,"Via degli Avelli 4, 50100 Firenze",,,,
firenze,le fornaci di Doccia,cafe,,"piazza della biblioteca 1/3, 50019 Sesto Fiorentino",,,,
firenze,Ital bar,cafe,,"via Boito 58, 50019 Sesto Fiorentino",+39 333 4390326,,,
firenze,Dulcinea,cafe,,Firenze,,,,
firenze,Caffè Mario,cafe,,"Borgo dei Greci 2 R,  Firenze",,,,
firenze,Bar Zocchi,cafe,sandwich,"via Fiorentina 574,  Vaglia",,,,
firenze,Cabiria,cafe,,"Piazza Santo Spirito 4 R, 50125 Firenze",+39 055 215732,,,
firenze,Caffè Scudieri,cafe,,"Piazza di San Giovanni 19 R,  Firenze",+39 055 210733,,,
firenze,Bar Mezzana,cafe,,Firenze,,,,
firenze,Pasticceria Remo,cafe,,Firenze,,,,
firenze,Casa del prosciutto,cafe,,Firenze,,,,
firenze,Ruggini,cafe,,Firenze,,,,
firenze,Bar della Stazione,cafe,,Firenze,,,,
firenze,Bar Sonia,cafe,,Firenze,,,,
firenze,Bar Ruggini,cafe,,Firenze,,,,
firenze,Donnino'S,cafe,,"Via dei Cipressi 18,  Firenze",,,,
firenze,Casa del Popolo Castelnuovo d'Elsa,cafe,,Firenze,,,,
firenze,BarUffa Caffè,cafe,,Firenze,,,,
firenze,Tre A,cafe,,Firenze,,,,
firenze,Il Grattacielo,cafe,,Firenze,,,,
firenze,Evolution Cafè,cafe,italian,"Piazza Oreste Ristori , 50053 Empoli",,,,
firenze,Circolo Arci San Quirico in Collina,cafe,"Cafe,_pizza",Firenze,,,,
firenze,Pasticceria Nobile,cafe,,Firenze,,,,
firenze,Dafne Cafè,cafe,,Firenze,,,,
firenze,Bar Gelateria Sottani,cafe,,Firenze,,,,
firenze,Caffè Falterona,cafe,,"Piazza della Vittoria 1,  Firenze",,,,
firenze,Bar Pasticceria Picchiani,cafe,,"Via Giuseppe Verdi 106, 50019 Sesto Fiorentino",,,,
firenze,Bar Blu,cafe,,"Via Dante Alighieri 54, 50019 Sesto Fiorentino",+39 055 4489771,www.barblu.it,,
firenze,Caffetteria Del Corso,cafe,,"Via Giacomo Matteoti 13,  Firenze",+390571629578,https://www.facebook.com/Caffetteria-DEL-CORSO-458612054334224/?ref=page_internal,,
firenze,Un caffè,cafe,sandwich;italian;local;coffee_shop,"Via Cesare Battisti 2r,  Firenze",,,,
firenze,Café Santo Spirito,cafe,,Firenze,,,,
firenze,Jam Cafè,cafe,,Firenze,,,,
firenze,Bistrot Damiano,cafe,cake,"Via Gino Capponi 12, 50121 Firenze",,,,
firenze,Caffè Maioli,cafe,,Firenze,,,,
firenze,Canto de Macci,cafe,,Firenze,,,,
firenze,Bar Santò,cafe,breakfast;coffee_shop;italian,"Piazza dei Navicellai 1, 50050 Firenze",,,,
firenze,Circolo Arci,cafe,,Firenze,,,,
firenze,Amici della Concordia,cafe,,"Via del Saccardo 50, 50041 Calenzano",+39 055 8876109,,,
firenze,Bar Dei Pini Di Cenci Giuditta E C. Snc,cafe,,"Via di Calenzano 4, 50019 Sesto Fiorentino",,,,
firenze,Bar Viti,cafe,,"Piazza Don Minzoni 1, 50053 Empoli",,,,
firenze,Cafe Desiderio,cafe,,Firenze,,,,
firenze,Nespresso,cafe,,"Via dei Brunelleschi 10 R,  Firenze",,,,
firenze,7000 caffé,cafe,,Firenze,,,,
firenze,Gran Caffè Cattedrale,cafe,,Firenze,,,,
firenze,Il bottegone,cafe,,Firenze,,,,
firenze,Birreria,cafe,,Firenze,,,,
firenze,Caffe Alinari,cafe,,"Largo Fratelli Alinari 28,29,  Firenze",+39 055 2396398,,,
firenze,Gaffe Rosano,cafe,italian,"Via San Gallo 29,  Firenze",,,,
firenze,Caffe Megara,cafe,,Firenze,,,,
firenze,Café de la Paix,cafe,,Firenze,,,,
firenze,Art Café,cafe,,Firenze,,,,
firenze,Café Doni,cafe,coffee_shop,"Via Anton Francesco Doni 14 R,  Firenze",,,,
firenze,L'opera,cafe,,Firenze,,,,
firenze,Caffè Garden,cafe,,Firenze,,,,
firenze,Caffe' Michelangiolo,cafe,,Firenze,,,,
firenze,Caffé Duomo,cafe,,Firenze,,,,
firenze,Shake Café,cafe,,Firenze,,,,
firenze,L'Osteria in Bottega,cafe,,Firenze,,,,
firenze,San Firenze,cafe,,Firenze,,,,
firenze,Ditta Artigianale,cafe,,"Via dello Sprone 5r,  Firenze",,https://www.menudittaartigianale.com/,,
firenze,Pasticceria Andrea Di Bonaiuti Andrea,cafe,,"Piazza Mazzini 6/7, 50061 Fiesole",+39 055 6594788,https://www.pasticceriandrea.it/,stefy.mart86@gmail.com,
firenze,Coccole Cioccolato,cafe,,"Via dei Ginori 55/57R,  Firenze",,,,
firenze,Caffe dei Fossi,cafe,,"Via dei Fossi 69,  Firenze",,,,
firenze,Pasticceria Caffè Marzocco,cafe,,"Via della Cernaia 16r,  Firenze",,,,
firenze,Bistrot Wine & Food,cafe,,Firenze,,,,
firenze,McCafé,cafe,coffee_shop,Firenze,+39 055 392 1219,https://www.mcdonalds.it/ristorante-risultati?store_id=542,,
firenze,CoCo Fresh Tea & Juice,cafe,bubble_tea,Firenze,,,,
firenze,Il Toscanaccio,cafe,ice_cream;italian;pizza;sandwich,Firenze,,,,
firenze,News Cafe,cafe,,"Via del Giglio 59,  Firenze",+39 055 2654310,,,
firenze,Le Murate Caffè Letterario Firenze,cafe,,"Piazza delle Murate , 50122 Firenze",+39 055 234 6872,http://lemurate.it,,
firenze,Caffé Letterario,cafe,,Firenze,,,,
firenze,Cartabianca Café,cafe,,Firenze,,,,
firenze,Coronas Café,cafe,,Firenze,,,,
firenze,Book Opera,cafe,,"Via Ghibellina 46 rosso,  Firenze",,,,
firenze,Bottega di pasticceria,cafe,,Firenze,,,,
firenze,Bar Cappiano,cafe,,Firenze,+39 0571 297874,,,
firenze,Caffe Le Torri,cafe,,"Borgo San Iacopo ,  Firenze",,,,
firenze,Caffetteria Il Bigallo,cafe,,Firenze,,,,
firenze,Caffetteria Piansa,cafe,,Firenze,,,,
firenze,Caffè le Rose,cafe,,Firenze,,,,
firenze,shake cafe & juice bar,cafe,sandwich;international;coffee_shop;breakfast;bagel;tea,"Via del Corso 28/30/32,  Firenze",+39 055 215952,https://www.shakecafe.bio/,info@shakecafe.it,
firenze,Bar Centrale,cafe,,"Piazza Roma 10, 50050 Gambassi Terme",,,,
firenze,Pontormo Caffé,cafe,,"Via Volterrana 34, 50050 Gambassi Terme",,,,
firenze,the Florence gate,cafe,sandwich;pizza;italian;burger;dessert,Firenze,,,,
firenze,Caffè S. Anna,cafe,,Firenze,,,,
firenze,La cocotte,cafe,,"Via Nazionale 112/r, 50100 Firenze",,,,
firenze,Il Caffè degli Amici,cafe,italian,"Via Roma 121, 50028 Barberino Tavarnelle",,,,
firenze,Bar Boccaccio Caffetteria,cafe,,"Via Giovanni Boccaccio 11,  Certaldo",+39 0571665389,,,
firenze,Caffè degl'innocenti,cafe,italian;sandwich,"Via Nazionale 57/59R, 50123 Firenze",,,,
firenze,Antica Osteria 1 Rosso,cafe,italian,"Borgo Ognissanti 1 R, 50124 Firenze",,https://osteria1rosso.com/,,
firenze,L'enoteca Sandro Soltani Caffè Sant'Ambrogio,cafe,,Firenze,,,,
firenze,Bialetti,cafe,,Firenze,,,,
firenze,Caffè Anna,cafe,,"Via Palmiro Togliatti 26a,  Lastra a Signa",,,,
firenze,Nobile Bistrò,cafe,italian,"Piazza Madonna degli Aldobrandini 13r, 50123 Firenze",+393389670207,,,
firenze,Covo de'Ricci,cafe,,"Piazza Averani 2,  Firenze",,,,
firenze,Jazz Bistrot,cafe,breakfast;coffee_shop;diner;tea;pizza;pastry;cake,Firenze,+39 055 677391,https://www.jazzbistrot.it/,info@jazzbistrot.it,
firenze,Granbar,cafe,,Firenze,,,,
firenze,Caffè Ginori,cafe,,Firenze,,,,
firenze,Fantasilandia cafè,cafe,,Firenze,,,,
firenze,La Dispensa,cafe,,Firenze,,,,
firenze,Mò Sì,cafe,,"Via Nazionale 106r, 50123 Firenze",,,,
firenze,Caffè Peruzzi,cafe,pasta;coffee;pastry;pizza,"Piazza Ubaldino Peruzzi 26, 50012 Bagno a Ripoli",,,,
firenze,Caffè Pasticceria Fiorella,cafe,coffee;pastry,"Piazza Ubaldino Peruzzi 6, 50012 Bagno a Ripoli",+39 055 621393,,,
firenze,Bar,cafe,,Firenze,,,,
firenze,La Milkeria,cafe,,"Borgo degli Albizi 87,  Firenze",,,,
firenze,Caffe degli Artigiani,cafe,,"Via dello Sprone 16,  Firenze",+39 055 291882,,,
firenze,Faggi,cafe,,Firenze,,,,
firenze,"Rooms, restaurant",cafe,italian;breakfast;diner;sausage;coffee_shop,"Via Casentinese 331, 50065 Firenze",+39 346 7916151,http://affitticonsuma.it,irina.consuma@yahoo.it,
firenze,Colle Bereto,cafe,,"Piazza degli Strozzi 5 rosso, 50123 Firenze",+39 055 286601,https://www.cafecollebereto.com/,,
firenze,Odeon Bistro,cafe,,Firenze,,,,
firenze,Paradiso,cafe,,Firenze,,,,
firenze,Caffè Bianchi,cafe,,Firenze,,,,
firenze,Fiorentina,cafe,,"Piazza Giacomo Matteotti 33, 50028 Tavarnelle Val di Pesa",,,,
firenze,La corte del Konnubio,cafe,,Firenze,,,,
firenze,simBIOsi Café,cafe,italian,"Via dei Ginori 60r;64r, 50123 Firenze",+39 055 0640115,https://www.simbiosi.bio/,contatti@simbiosi.bio,
firenze,Café Il Solli,cafe,,Firenze,,,,
firenze,Antigua Pasticeria Paladini,cafe,,Firenze,,,,
firenze,Lion Café,cafe,,Firenze,,,,
firenze,Café Agórá,cafe,,Firenze,,,,
firenze,Sò Bar,cafe,italian,"Via degli Gigli 3, 50054 San Pierino",,,,
firenze,Saida,cafe,,"Piazza Marsilio Ficino 55,  Firenze",,,,
firenze,Pasticceria Fabbrini,cafe,ice_cream,"Corso Giuseppe Mazzini 33,  Firenze",,,,
firenze,Caffé Mi Piace,cafe,,Firenze,,,,
firenze,Caffé Surace,cafe,,Firenze,,,,
firenze,Caffe i Portici,cafe,,"Piazza Marsilio Ficino 61,  Firenze",,,,
firenze,L'antico Caffè Greco,cafe,,Firenze,,,,
firenze,Caffé dell Corso,cafe,,"Corso Giacomo Matteotti 31,  Firenze",,,,
firenze,L'Amici mia,cafe,,"Piazza Averani 13, 50063 Figline Valdarno",+39 055 952828,,,
firenze,Albero,cafe,,"Borgo San Iacopo ,  Firenze",,,,
firenze,Consumi,cafe,regional,Firenze,,,,
firenze,Pizzino,cafe,,Firenze,,,,
firenze,Hot Pot,cafe,,Firenze,,,,
firenze,Pane e Olio,cafe,,Firenze,,,,
firenze,Il Bar del Forte,cafe,,"Via di S. Leonardo 1, 50125 Firenze",,,,
firenze,Caffe Franchi,cafe,,Firenze,,,,
firenze,Venchi,cafe,,Firenze,,,,
firenze,Dei Pucci,cafe,,Firenze,,,,
firenze,Don Nino,cafe,,"Piazza Duomo 10 R,  Firenze",,,,
firenze,Lampredotto,cafe,,Firenze,,,,
firenze,PizzA',cafe,,Firenze,,,,
firenze,Caffè Condotta,cafe,cake;coffee_shop;crepe;deli;italian,Firenze,,,,
firenze,Caffè Fiorenza,cafe,cake;ice_cream;italian;sandwich,Firenze,,,,
firenze,Rudi’s Bistro’ Caffetteria Birreria,cafe,,"Via Vacchereccia 3r, 50123 Firenze",,,,
firenze,La Badia,cafe,,Firenze,,,,
firenze,La Cattedrale,cafe,,Firenze,,,,
firenze,Caffe,cafe,,Firenze,,,,
firenze,Bar Pieri,cafe,,Firenze,,,,
firenze,Caffè Dogali,cafe,local;diner,Firenze,,,,
firenze,Marcello...La Pasticceria,cafe,italian,"Viale Europa 169, 50126 Firenze",,,,
firenze,Cucciolo,cafe,,"Via del Corso ,  Firenze",,,,
firenze,Caffè Bistrot 19.26,cafe,,Firenze,,,,
firenze,50 Rosso,cafe,,"Via Panzani 50 R,  Firenze",+39 055 283585,,,
firenze,Coffee & Kitchen,cafe,,Firenze,,,,
firenze,il tempio,cafe,,Firenze,,,,
firenze,Caffè de Serragli,cafe,,Firenze,,,,
firenze,Caffetteria Bartolini,cafe,,Firenze,,,,
firenze,Caffè Amerini,cafe,,Firenze,,,,
firenze,Caffè del Verone,cafe,,Firenze,,,,
firenze,Caffè La Posta,cafe,,Firenze,,,,
firenze,Caffetteria La Pergola,cafe,,Firenze,,,,
firenze,Cadillac Cafè,cafe,,Firenze,,,,
firenze,Caffè de' Pinti,cafe,,Firenze,,,,
firenze,Caffè Marconi,cafe,,Firenze,,,,
firenze,Rimani,cafe,,Firenze,,,,
firenze,Caffè Cavour,cafe,,Firenze,,,,
firenze,Caffè Noir,cafe,,Firenze,,,,
firenze,Caffè Diamante,cafe,,Firenze,,,,
firenze,La Fabbrica del Pane,cafe,,Firenze,,,,
firenze,Cava Giove,cafe,,Firenze,,,,
firenze,Caffè Moma,cafe,,Firenze,,,,
firenze,Rivarno Café,cafe,,"Piazza di Santa Maria Maggiore 7r, 50123 Firenze",,,,
firenze,Ben Caffè,cafe,,Firenze,,,,
firenze,Caffeteria Ottaviani,cafe,,Firenze,,,,
firenze,I' RitroVino di Caino,cafe,sandwich;italian,"Via di Burello 67, 50054 Fucecchio",,,,
firenze,La Bottega di Monterifrassine,cafe,,Firenze,,,,
firenze,Raviolo & Raviolo,cafe,italian,"Via dei Benci 49 R,  Firenze",,,,
firenze,Bar Italia,cafe,,Firenze,,,,
firenze,La sosta del Nici,cafe,,"Via Martiri Cavicchi 2, 50063 Figline Valdarno",,,,
firenze,IceCream,cafe,,Firenze,,,,
firenze,O’cafè,cafe,,Firenze,,,,
firenze,giacosa,cafe,,Firenze,,,,
firenze,Bar Cafaggio,cafe,,"Via di Cafaggio , 50019 Sesto Fiorentino",,,,
firenze,Bar Camera Caffè,cafe,,"Viale Francesco Talenti 109, 50142 Firenze",,,,
firenze,Sapori & Dintorni Conad,cafe,,Firenze,,,,
firenze,Café Salumeria Franco,cafe,,Firenze,,,,
firenze,Caffè Sottosopra,cafe,,Firenze,,,,
firenze,La Congrega,cafe,,Firenze,,,,
firenze,La bottega di Sghio,cafe,,Firenze,,,,
firenze,Antico Caffè,cafe,,Firenze,,,,
firenze,Caffè Pasticceria Serafini,cafe,,"Piazza Dalmazia 19 R, 50141 Firenze",,,,
firenze,Quell'Altre Bistrot,cafe,bistro;coffee_shop;breakfast,"Via Reginaldo Giuliani 17 R,  Firenze",+39055411905,https://www.instagram.com/quellaltre_bistrot/,,
firenze,Spritzeria Fiorentina,cafe,,Firenze,,,,
firenze,I Dolci di Marco,cafe,,Firenze,,,,
firenze,Rusty Bar,cafe,coffee_shop,"Via Guido Monaco 13 R, 50144 Firenze",,,,
firenze,Caffe Patriarca,cafe,,Firenze,,,,
firenze,Antico Caffè Cavour,cafe,bistro,"Via Camillo Cavour 63r, 50129 Firenze",,,,
firenze,Pasticceria Saida,cafe,,"via Pratese 51-2,  Firenze",+390553024998,,,
firenze,Buoni & Belli,cafe,sandwich;salad,Firenze,,,,
firenze,Bar Giuliano,cafe,,Firenze,,,,
firenze,Caffetteria Raffaella,cafe,,"Via Santa Caterina D'Alessandria 30, 50129 Firenze",,,,
firenze,Caffé Incontro,cafe,,"Piazza Accursio da Bagnolo 33, 50023 Impruneta",,,,
firenze,Pasticceria Pan di Zucchero,cafe,,"Via Roma 48, 50026 San Casciano in Val di Pesa",,,,
firenze,Bar pasticceria Giraldi,cafe,,"Viale Pecori Giraldi 52, 50032 Borgo San Lorenzo",,,,
firenze,Caffè Porta Romana,cafe,,Firenze,+39 055 229167,,,
firenze,Dini Caffè,cafe,,Firenze,,,,
firenze,Tino Caffè,cafe,,Firenze,,,,
firenze,Caffè Palazzuolo,cafe,,Firenze,,,,
firenze,Crociani,cafe,,Firenze,,,,
firenze,Crociani,cafe,,Firenze,,,,
firenze,Bar Oberdan,cafe,,Firenze,,,,
firenze,Bar Caffè Antico Beccaria,cafe,,Firenze,,,,
firenze,Caffè Bellavista,cafe,,Firenze,,,,
firenze,Caffè La Sosta,cafe,,Firenze,,,,
firenze,Caffè Il Giobertino,cafe,,Firenze,,,,
firenze,Serafini,cafe,,Firenze,,,,
firenze,Caffè dei Fossi,cafe,,Firenze,,,,
firenze,Le Delizie di J & G,cafe,,Firenze,,,,
firenze,Conti,cafe,,Firenze,,,,
firenze,Caffè Maratona,cafe,,Firenze,,,,
firenze,Pasticceria Excalibur,cafe,,Firenze,,,,
firenze,Il Giglio,cafe,,Firenze,,,,
firenze,Tuttobene,cafe,italian;regional,"Via San Quirico 233/a, 50013 Campi Bisenzio",+39 055 896 9529,https://www.tuttobene-bar.it/,info@tuttobene-bar.it,
firenze,La Bottega del Caffè,cafe,,Firenze,,,,
firenze,Caffè Cairoli,cafe,,Firenze,,,,
firenze,L'Officina Cafè e Bistrot,cafe,,"13, 50065 Pontassieve",+390559333221,,,
firenze,Lady Bar,cafe,,Firenze,,,,
firenze,Agorà Caffè,cafe,,Firenze,,,,
firenze,Bar Tre Enne,cafe,,Firenze,,,,
firenze,Il Barretto,cafe,,Firenze,,,,
firenze,Bar Rullo,cafe,,"Via Giandomenico Romagnosi 32/r,  Firenze",,,,
firenze,Crazy Bar,cafe,,Firenze,,,,
firenze,Il Bersagliere,cafe,,Firenze,,,,
firenze,Rivarno,cafe,cake;coffee_shop,"Lungarno delle Grazie 12r, 50122 Firenze",+39 055 245535,,,
firenze,Starbene Gluten Free Gold,cafe,cake;coffee_shop;savory_pancakes,"Via dei Rustici 1r,  Firenze",,,,
firenze,Bar Caselli,cafe,,"Viale Don Giovanni Minzoni 24 R,  Firenze",,,,
firenze,Agnoletti,cafe,,Firenze,+39 055 865 20 30; +39 055 865 24 03,,,
firenze,caffè Grandangolo,cafe,,"piazza trieste 1,  Dicomano",+39055838242,,,
firenze,Bar Il Fossato,cafe,,Firenze,,,,
firenze,Bar Vida,cafe,,Firenze,,,,
firenze,ChiaroScuro,cafe,,"Via del Corso 36 R, 50122 Firenze",+39 055 214247,https://www.chiaroscurofirenze.it/,,
firenze,Maioli,cafe,,"Via dei Guicciardini 43 R,  Firenze",+39 055 214701,https://bistrotpasticceriamaioli.it/,germo43r@gmail.com,
firenze,L'osteria del 5°,cafe,,Firenze,,,,
firenze,Café le volte,cafe,,Firenze,,,,
firenze,Snack Bar,cafe,,Firenze,,,,
firenze,Café Astra al Duomo,cafe,,Firenze,,,,
firenze,Il Cantuccio,cafe,,Firenze,,,,
firenze,Conventino,cafe,regional;coffee_shop,Firenze,,https://www.ilconventionofirenze.it,,
firenze,A casa Ca Fe,cafe,,Firenze,,,,
firenze,Flos Bubble Tea,cafe,bubble_tea,Firenze,,,,
firenze,Circolo ARCI Rignano sull'Arno,cafe,,Firenze,,,,
firenze,Gelateria Alpina,cafe,,"Viale Filippo Strozzi 12 R, 50129 Firenze",+39 055 496 677,,,
firenze,Campi Chic Caffe,cafe,italian;regional,"Piazza Fra Ristoro 11,  Firenze",+39 055 0941404,,,
firenze,PIT-STOP,cafe,,Firenze,,,,
firenze,Caffè Garibaldi,cafe,,Firenze,,,,
firenze,Il Mondiale,cafe,pizza,Firenze,,,,
firenze,Circolo ARCI,cafe,,Firenze,,,,
firenze,Caffetteria del grano,cafe,,"Via dei Castellani 4,  Firenze",,,,
firenze,Caffè Bugiardini,cafe,,Firenze,,,,
firenze,Bar Della Stazione,cafe,,Firenze,,,,
firenze,Il David,cafe,,"Piazza San Marco 6,  Firenze",,,,
firenze,Accademia Café,cafe,,"Piazza San Marco 4,  Firenze",,,,
firenze,Libri liberi,cafe,,"Via San Gallo 25,  Firenze",,,,
firenze,Il Nido dell'Allocco,cafe,regional,Firenze,,,,
firenze,Caffetteria Sabrina,cafe,,Firenze,,,,
firenze,Tango Caffe,cafe,,Firenze,,,,
firenze,Dolce Salato,cafe,,Firenze,,,,
firenze,L'angolo,cafe,,Firenze,,,,
firenze,ROSS,cafe,,"Viale Giovan Battista Morgagni 39 R,  Firenze",,,,
firenze,Caffè Vieusseux,cafe,,"Piazza Giampietro Vieusseux 2-3R,  Firenze",+39 055 490513,,,
firenze,Miya,cafe,,Firenze,,,,
firenze,Il bar e la caffetteria,cafe,,Firenze,,,,
firenze,Bar Puccini,cafe,,Firenze,,,,
firenze,Al Giardino delle Rose,cafe,,Firenze,,,,
firenze,I Cugini,cafe,,Firenze,,,,
firenze,valù,cafe,,"Via Cosimo Ridolfi 12 R,  Firenze",,,,
firenze,Bean star,cafe,coffee_shop,"Piazza della Stazione 24, 50123 Firenze",,,,
firenze,Pasticceria Gelateria Fabiani,cafe,,Firenze,,,,
firenze,Bar d'Angolo,cafe,,"Piazza della Calza 4,  Firenze",,,,
firenze,Panificio Pasticceria Sarti,cafe,,"Via Senese 147r,  Firenze",+39 055 232 0024,http://www.fornopasticceriasarti.it/,,
firenze,Caffe' Del Battistero,cafe,,"Via dei Martelli 13 R,  Firenze",+39 055 019 4037,,,
firenze,Le Bonta' di Michele,cafe,,"Via di San Niccolò 19 R,  Firenze",+39 055 2466259,,,
firenze,La Casina,cafe,,Firenze,,,,
firenze,College House,cafe,,Firenze,,,,
firenze,Lo Chalet,cafe,,Firenze,,,,
firenze,Circolo S.Ellero,cafe,,Firenze,,,,
firenze,Pasticceria le Ginestre,cafe,,Firenze,,,,
firenze,Gusta Bar,cafe,,"Via Maggio 31r, 50125 Firenze",,,,
firenze,Panella,cafe,coffee_shop,"Piazza della Stazione 3, 50123 Firenze",,,,
firenze,Slitti Experience,cafe,chocolate;dessert,"Piazza dell'Olio 6r, 50123 Firenze",,,,
firenze,Caffè Giannotti,cafe,,"Viale Donato Giannotti 19r, 50126 Firenze",,,,
firenze,Caffé Costagli,cafe,,Firenze,,,,
firenze,Bar Quadalto,cafe,,Firenze,+39 055 8046808,,,
firenze,Caffetteria La Loggia,cafe,,"Via Pietrapiana 12, 50121 Firenze",,,,
firenze,Gamberini,cafe,,"Via Curtatone 4/6/8/10,  Firenze",+390550982194,https://gamberini.eu/gamberini-firenze/,,
firenze,Kaffeehaus,cafe,,Firenze,,,,
firenze,Caffè Romagnoli,cafe,italian;italian_pizza,Firenze,,,,
firenze,Circolo MCL Capraia,cafe,,Firenze,,,,
firenze,La Boutique del Sud,cafe,sicilian,Firenze,+39 055 0030150,https://boutiquedelsud.it/,,
firenze,Starbucks,cafe,coffee_shop,Firenze,,,,
firenze,Starbucks,cafe,coffee_shop,Firenze,,,,
firenze,Caffè Europa,cafe,,Firenze,,,,
firenze,Cat Café Firenze - Your purryfect happy experience,cafe,,Firenze,,https://www.catcafefirenze.com/,,
firenze,Pasticceria Dolci e Dolcezze,cafe,,"Piazza Cesare Beccaria 8/R,  Firenze",,,,
firenze,Bar Marina,cafe,,Firenze,,,,
firenze,Ferro Battuto,cafe,ice_cream;pastry,Firenze,,,,
firenze,Più Bar,cafe,,Firenze,,,,
firenze,Machi machi,cafe,bubble_tea,Firenze,,,,
firenze,Pasticcieria Anna,cafe,breakfast;coffee_shop;diner,"Via Santo Stefano in Pane 28 R, 50134 Firenze",+39 055 771 7559,https://www.pasticceriaannafirenze.it/,ricordifirenze@gmail.com,
firenze,Bar 10 e lode,cafe,,"Via S. Giovanni Gualberto 2r, 50135 Firenze",+393299691183,,,
firenze,Cat Caffè Firenze,cafe,,"Via Giuseppe Verdi, 18/R, 50122 Firenze FI ,  Firenze",+39 349 754 3828,,,
firenze,Caffè Bargioni,cafe,,Firenze,,,,
firenze,Don Fefe San Donato,cafe,,"Via Silvano Tosi 11,  Firenze",,,,
firenze,Bianco Firenze,cafe,,Firenze,,,,
firenze,Pausa caffè,cafe,,Firenze,,,,
firenze,Caffè Melloni,cafe,,Firenze,,,,
firenze,Starbucks,cafe,coffee_shop,Firenze,,,,
firenze,Il Cantuccio,cafe,,Firenze,,,,
firenze,Caffè Bistrot Demidoff,cafe,,"Via Fiorentina 444,  Firenze",,,,
firenze,Barbarossa,cafe,,Firenze,,,,
firenze,Menchetti,cafe,pizza;regional;italian,"Via Vittorio Emanuele 14, 50041 Calenzano",+39 055 6141443,https://menchetti.it/,,
firenze,C house coffee shop milano,cafe,coffee_shop,Firenze,,,,
firenze,Piccolo Cafe,cafe,,Firenze,,,,
firenze,25 in Condotta,cafe,breakfast;brunch,Firenze,,,,
firenze,Caffé Essse,cafe,,"Piazza di San Pancrazio 3 R,  Firenze",,,,
firenze,Shake Café,cafe,breakfast;brunch;coffee_shop,Firenze,+39 055 0515418,https://www.shakecafe.it/via-cavour/,,
firenze,Ditta Artigianale,cafe,,"Piazza Francesco Ferrucci ,  Firenze",,,,
firenze,La Cité,cafe,,Firenze,,,lacitesrl@pec.it,
firenze,Gallery café,cafe,,Firenze,,,,
firenze,Antico Borgo,cafe,,Firenze,,,,
firenze,Bar del Ponte,cafe,,Firenze,,,,
firenze,Circolo ARCI Nobile Contrada Sant'Andrea,cafe,,Firenze,,,,
firenze,Bar Oasi,cafe,,Firenze,,,,
firenze,Bar Luciano,cafe,,Firenze,,,,
firenze,Oasi Caffè,cafe,italian,"Via Giovanni Fattori 31, 50018 Firenze",,,,
firenze,Arci,cafe,,Firenze,,,,
firenze,Bar dei Bianchi,cafe,,"Via Giovanni Villani 40, 50033 Firenzuola",+393333339423,,,
firenze,Bar Alimentari L'Arcobaleno Di Zini & C.,cafe,,"Via Giovanni Villani ,  Firenze",,,,
firenze,Mame,cafe,,Firenze,,,,
firenze,Montecatini,cafe,,Firenze,,,,
firenze,Canto alla mela,cafe,,Firenze,,,,
firenze,La Fonte,cafe,,"Piazza Agnolo 1, 50033 Firenzuola",,,,
firenze,Happy Hour Cafè,cafe,,"Via Giovanni Villani 33, 50033 Firenzuola",,,,
firenze,Bar Sport,cafe,sandwich;breakfast;donut;pizza,Firenze,,,,
firenze,Fermata 22,cafe,,Firenze,,,,
firenze,Panfuwa,cafe,coffee_shop,"Via Pietrapiana ,  Firenze",,,,
firenze,Wanda,cafe,,Firenze,,,,
firenze,Cibo Vino e Chiacchiere,cafe,breakfast;coffee_shop;crepe;italian;italian_pizza,"Piazza Vittorio Veneto 10, 50056 Montelupo Fiorentino",+39 334 251 2189,,,
firenze,Bar Bini,cafe,coffee_shop,"Via Leonardo da Vinci 36, 50053 Empoli",+39 366 157 1527,,,
firenze,circolo ARCI Padule,cafe,,Firenze,,,,
firenze,Yi Fang Tea,cafe,bubble_tea,Firenze,,,,
firenze,Blu Bar Bistrot,cafe,,Firenze,,,,
firenze,Manly The Office,cafe,breakfast;coffee_shop;donut;sandwich,"Via Pisana 48 rosso, 50143 Firenze",+39 0559062024,,,
firenze,L’angolo del caffè,cafe,breakfast;coffee_shop,Firenze,+390558894687,https://langolo-delcaffe.it/,barpiagge2022@gmail.com,
firenze,Cafè il Guarlone,cafe,,Firenze,,,,
firenze,Caffè dei Mori,cafe,,Firenze,,,,
firenze,La Fama,cafe,,Firenze,,,,
firenze,Starbucks,cafe,coffee_shop,Firenze,,,,
firenze,I' Lanzino,cafe,,Firenze,,,,
firenze,Caffe Boccaccio 78,cafe,,Firenze,,,,
firenze,Unaltro Bar,cafe,sandwich;coffee_shop,Firenze,,,,
firenze,Bar Carlino,cafe,breakfast;coffee_shop,"Viale Cento Fiori 9, 50056 Firenze",+39 348 250 4937,,,
firenze,Marconi,cafe,,Firenze,,,,
firenze,Bar H9,cafe,,Firenze,,,,
firenze,Segafredo,cafe,coffee_shop,Firenze,,,,
firenze,Ben,cafe,,Firenze,,,,
firenze,Da quei tre,cafe,,Firenze,,,,
firenze,Prae,cafe,,Firenze,,,,
firenze,Giao giao,cafe,bubble_tea,Firenze,,,,
firenze,Floret,cafe,international,Firenze,,,,
firenze,Mago Merlino Tea House,cafe,tea,"Via dei Pilastri 49, 50121 Firenze",+39 327 237 2541,,,
firenze,Bar Caffè Mingo,cafe,,"Piazza di San Martino 1 R,  Firenze",,,,
firenze,Menchetti Firenze Belfiore,cafe,coffee_shop;pizza;sandwich,"Viale Belfiore 55, 50144 Firenze",,,,
firenze,Carrozza 10: Il Vagone della Vedova Begbick,cafe,,"Via di Montisoni ,  Bagno a Ripoli",,https://linktr.ee/carrozza10,,
firenze,Casa Caffè,cafe,,Firenze,,,,
firenze,La stazione,cafe,,Firenze,,,,
firenze,Starbucks,cafe,coffee_shop,"Via San Quirico 165, 50013 Campi Bisenzio",+39 055 898076,https://starbucks.it,,
firenze,Circolo Arci,cafe,,Firenze,,,,
firenze,Il Barrino,cafe,,Firenze,,,,
firenze,Debur,cafe,,Firenze,,,,
firenze,Bar Trinita,cafe,,Firenze,,,,
firenze,Caffè Jamaica,cafe,,Firenze,,,,
firenze,Bar Garage 78,cafe,coffee_shop;sandwich;italian,Firenze,+39 349 579 9336,,,
firenze,Bar Tabacchi  Alimentari Lelli,cafe,sandwich,"Via Pietramala 676, 50033 Firenuola(FI)",+39  379 1903858,https://barlelli1957.altervista.org,,
firenze,Il Cerro,cafe,coffee_shop,"Via Vittorio Veneto 11, 50050 Firenze",,,,
firenze,Casa del Popolo,cafe,,Firenze,,,,
firenze,Circolo ARCI I'Poggio,cafe,,Firenze,,,,
firenze,Chef Express Peretola Nord,cafe,,"Autostrada Firenze-Mare , 50019 Sesto Fiorentino",,,,
firenze,Bar Vallombrosa,cafe,,Firenze,,,,
firenze,Bar Caffé Teatro,cafe,,"Via Zanobi Portigiani 1, 50014 Fiesole",,,,
firenze,Caffè New York,cafe,,Firenze,,,,
firenze,Ensō,cafe,,Firenze,,,,
firenze,Dolcemente,cafe,,Firenze,,,,
firenze,Il Mulino delle Volpi,cafe,,Firenze,,,,
firenze,C.Risiamo Café,cafe,,"Via Roma 31, 50053 Empoli",,,,
firenze,Domì e Margot,cafe,,Firenze,,,,
firenze,"Circol M.C.L. ""Don Giovannini""",cafe,regional;pizza;italian;coffee_shop;sandwich,"Via Antonio Gramsci 6, 50026 Mercatale in Val di Pesa",,,,
firenze,Pizzeria Buno e Buna,cafe,,"Via di Corniola 81, 50053 Empoli",,,,
firenze,Lo Chalet Della vecchia cantina,cafe,,Firenze,,,,
firenze,Bar Unifi Morgagni,cafe,,"Viale Giovanni Battista Morgagni 40, 50134 Firenze",,,,
firenze,Vyta Santa Margherita,cafe,,Firenze,,,,
firenze,Fratelli Cuore,cafe,,Firenze,,,,
firenze,McCafé,cafe,coffee_shop,Firenze,,,,
firenze,12oz,cafe,cafe,"Piazza della Stazione , 50123 Firenze",+39 0552692709,https://www.12ozcj.com,,
firenze,Green Bar,cafe,,Firenze,,,,
firenze,Tentazioni Cafè,cafe,italian;regional,Firenze,,,,
firenze,Bar Simone,cafe,,"Via Panciatichi 64D,  Firenze",+39 055 417127,,,
firenze,Bar Atlantic,cafe,,Firenze,,,,
firenze,Caffè del mercato,cafe,,Firenze,+39 055 287077,,,
firenze,Ditta artigianale torrefattori firenze 2013,cafe,,Firenze,,,,
firenze,Bar Bellini,cafe,,Firenze,,,,
firenze,Bar parco avventura,cafe,,Firenze,,,,
firenze,Caffè del '900,cafe,italian,Firenze,,,,
